INSERT INTO songwriter (songwriter_id, pseudonym)
VALUES (1, 'Высоцкий'),
       (2, 'Цой'),
       (3, 'Каста'),
       (4, 'Lana Del Rey'),
       (5, 'Dido'),
       (6, 'Многоточие');

INSERT INTO genres (genres_id, name)
VALUES (1, 'Рок'),
       (2, 'Рэп'),
       (3, 'Шансон'),
       (4, 'Поп'),
       (5, 'Бард');

INSERT INTO singer_genres (songwriter_id, genres_id)
VALUES (1, 3),
       (1, 5),
       (2, 1),
       (2, 5),
       (3, 2),
       (4, 4),
       (5, 4),
       (6, 2);

INSERT INTO album (album_id, name, release_date)
VALUES (1, 'Концерт В 11-й Медсанчасти', '1970-05-10'),
       (2, 'Концерт в театре кукол', '1973-12-25'),
       (3, 'Кино 45', '1982-07-01'),
       (4, 'Это не любовь', '1985-01-01'),
       (5, 'Что нам делать в Греции', '2002-11-28'),
       (6, 'Громче Воды, Выше Травы', '2002-04-22'),
       (7, 'Born to Die', '2012-01-27'),
       (8, 'Lust for Life', '2017-07-21'),
       (9, 'No Angel', '1999-06-01'),
       (10, 'The Last Summer', '2020-10-11'),
       (11, 'Влади Другое слово', '2019-09-26'),
       (12, 'Атомы сознаниЯ', '2002-11-26');

INSERT INTO singer_album (songwriter_id, album_id)
VALUES (1, 1),
       (1, 2),
       (2, 3),
       (2, 4),
       (3, 5),
       (3, 6),
       (3, 11),
       (4, 7),
       (4, 8),
       (5, 9),
       (5, 10),       
       (6, 12);

INSERT INTO track (track_id, album_id, name, duration)
VALUES (1, 1, 'В Сон Мне Жёлтые Огни', 233),
       (2, 1, 'Охота На Волков', 180),
       (3, 2, 'Товарищи учёные', 186),
       (4, 2, 'Тот, который не стрелял', 170),
       (5, 3, 'Время есть, а денег нет', 248),
       (6, 3, 'Алюминиевые огурцы', 177),
       (7, 4, 'Это не любовь', 208),
       (8, 4, 'Город', 224),
       (9, 5, 'Что нам делать в Греции', 229),
       (10, 5, 'Пляски', 205),
       (11, 6, 'Куда Надо Смотреть', 222),
       (12, 6, 'На Порядок Выше', 238),
       (13, 7, 'Born To Die', 286),
       (14, 7, 'Dark Paradise', 243),
       (15, 8, 'Love', 273),
       (16, 8, 'In My Feelings', 239),
       (17, 9, 'My Life', 190),
       (18, 9, 'Take My Hand', 403),
       (19, 10, 'My Boy', 264),
       (20, 10, 'Summer Dress', 273),
       (21, 11, 'Погибнуть как герой', 207),
       (22, 12, 'Мой город', 47);

INSERT INTO collection (collection_id, name, release_date)
VALUES (1, 'Легендарные песни', '2017-06-20'),
       (2, 'Русский рэп', '2018-02-10'),
       (3, 'Авторские песни', '2015-02-23'),
       (4, 'About love', '2020-03-08');

INSERT INTO track_collection (collection_id, track_id)
VALUES (1, 2),
       (1, 4),
       (1, 6),
       (1, 7),
       (1, 8),
       (2, 9),
       (2, 10),
       (2, 11),
       (2, 12),
       (2, 22),
       (3, 1),
       (3, 2),
       (3, 4),
       (4, 15),
       (4, 16),
       (4, 18),
       (4, 19);